Datetime,Water Level (m)
2025-12-24 18:00:00,0.5306701
2025-12-24 19:00:00,0.3991053
2025-12-24 20:00:00,0.13078117
2025-12-24 21:00:00,-0.1916787
2025-12-24 22:00:00,-0.50673336
2025-12-24 23:00:00,-0.735881
2025-12-25 00:00:00,-0.8234675
2025-12-25 01:00:00,-0.7540381
2025-12-25 02:00:00,-0.5735901
2025-12-25 03:00:00,-0.3224572
2025-12-25 04:00:00,-0.07177222
2025-12-25 05:00:00,0.10711097
2025-12-25 06:00:00,0.17955329
2025-12-25 07:00:00,0.12411137
2025-12-25 08:00:00,-0.027707102
2025-12-25 09:00:00,-0.2568335
2025-12-25 10:00:00,-0.50177294
2025-12-25 11:00:00,-0.68652904
2025-12-25 12:00:00,-0.7608014
2025-12-25 13:00:00,-0.6886234
2025-12-25 14:00:00,-0.4724318
2025-12-25 15:00:00,-0.17726973
2025-12-25 16:00:00,0.13138014
2025-12-25 17:00:00,0.38053244
2025-12-25 18:00:00,0.48742375
2025-12-25 19:00:00,0.43378487
2025-12-25 20:00:00,0.24618809
2025-12-25 21:00:00,-0.028520972
2025-12-25 22:00:00,-0.32999936
2025-12-25 23:00:00,-0.6039651
2025-12-26 00:00:00,-0.7841422
2025-12-26 01:00:00,-0.825637
2025-12-26 02:00:00,-0.7366339
2025-12-26 03:00:00,-0.5447884
2025-12-26 04:00:00,-0.29194802
2025-12-26 05:00:00,-0.03891002
2025-12-26 06:00:00,0.13941856
2025-12-26 07:00:00,0.19682372
2025-12-26 08:00:00,0.13885272
2025-12-26 09:00:00,-0.024094291
2025-12-26 10:00:00,-0.24720064
2025-12-26 11:00:00,-0.4739353
2025-12-26 12:00:00,-0.6307353
2025-12-26 13:00:00,-0.6670787
2025-12-26 14:00:00,-0.569702
2025-12-26 15:00:00,-0.369574
2025-12-26 16:00:00,-0.11100214
2025-12-26 17:00:00,0.15756585
2025-12-26 18:00:00,0.3476419
2025-12-26 19:00:00,0.40700796
2025-12-26 20:00:00,0.3249648
2025-12-26 21:00:00,0.1398016
2025-12-26 22:00:00,-0.11967684
2025-12-26 23:00:00,-0.4119499
2025-12-27 00:00:00,-0.6618864
2025-12-27 01:00:00,-0.81070334
2025-12-27 02:00:00,-0.82296365
2025-12-27 03:00:00,-0.72039175
2025-12-27 04:00:00,-0.51310617
2025-12-27 05:00:00,-0.2567149
2025-12-27 06:00:00,-0.010657247
2025-12-27 07:00:00,0.15237118
2025-12-27 08:00:00,0.2155272
2025-12-27 09:00:00,0.15564862
2025-12-27 10:00:00,-0.0021690303
2025-12-27 11:00:00,-0.21457402
2025-12-27 12:00:00,-0.42501152
2025-12-27 13:00:00,-0.56911576
2025-12-27 14:00:00,-0.60565263
2025-12-27 15:00:00,-0.52120346
2025-12-27 16:00:00,-0.34955838
2025-12-27 17:00:00,-0.11315638
2025-12-27 18:00:00,0.11286956
2025-12-27 19:00:00,0.26997292
2025-12-27 20:00:00,0.2977642
2025-12-27 21:00:00,0.2177758
2025-12-27 22:00:00,0.041171543
2025-12-27 23:00:00,-0.20012362
2025-12-28 00:00:00,-0.4801654
2025-12-28 01:00:00,-0.7070904
2025-12-28 02:00:00,-0.836011
2025-12-28 03:00:00,-0.84852606
2025-12-28 04:00:00,-0.74628043
2025-12-28 05:00:00,-0.5341327
2025-12-28 06:00:00,-0.2604024
2025-12-28 07:00:00,-0.010345536
2025-12-28 08:00:00,0.17527887
2025-12-28 09:00:00,0.2479833
2025-12-28 10:00:00,0.19649449
2025-12-28 11:00:00,0.04724583
2025-12-28 12:00:00,-0.15350047
2025-12-28 13:00:00,-0.35071912
2025-12-28 14:00:00,-0.4978407
2025-12-28 15:00:00,-0.5512943
2025-12-28 16:00:00,-0.50571585
2025-12-28 17:00:00,-0.3643243
2025-12-28 18:00:00,-0.16213761
2025-12-28 19:00:00,0.03349721
2025-12-28 20:00:00,0.16167761
2025-12-28 21:00:00,0.2113329
2025-12-28 22:00:00,0.15582894
2025-12-28 23:00:00,-0.0020449862
2025-12-29 00:00:00,-0.24110481
2025-12-29 01:00:00,-0.50140625
2025-12-29 02:00:00,-0.72806954
2025-12-29 03:00:00,-0.86087596
2025-12-29 04:00:00,-0.87751555
2025-12-29 05:00:00,-0.7638829
2025-12-29 06:00:00,-0.54436785
2025-12-29 07:00:00,-0.26640037
2025-12-29 08:00:00,0.011625494
2025-12-29 09:00:00,0.21238595
2025-12-29 10:00:00,0.3067343
2025-12-29 11:00:00,0.28099477
2025-12-29 12:00:00,0.15859175
2025-12-29 13:00:00,-0.046314895
2025-12-29 14:00:00,-0.2602609
2025-12-29 15:00:00,-0.436346
2025-12-29 16:00:00,-0.5430305
2025-12-29 17:00:00,-0.54371357
2025-12-29 18:00:00,-0.42721388
2025-12-29 19:00:00,-0.25351423
2025-12-29 20:00:00,-0.06965703
2025-12-29 21:00:00,0.08157677
2025-12-29 22:00:00,0.15122223
2025-12-29 23:00:00,0.124901436
2025-12-30 00:00:00,-0.020797692
2025-12-30 01:00:00,-0.23485155
2025-12-30 02:00:00,-0.5018939
2025-12-30 03:00:00,-0.7440683
2025-12-30 04:00:00,-0.90219945
2025-12-30 05:00:00,-0.92563015
2025-12-30 06:00:00,-0.8128315
2025-12-30 07:00:00,-0.5830193
2025-12-30 08:00:00,-0.26218495
2025-12-30 09:00:00,0.048073646
2025-12-30 10:00:00,0.28226715
2025-12-30 11:00:00,0.39945483
2025-12-30 12:00:00,0.39959744
2025-12-30 13:00:00,0.2729668
2025-12-30 14:00:00,0.05515718
2025-12-30 15:00:00,-0.1851451
2025-12-30 16:00:00,-0.42886877
2025-12-30 17:00:00,-0.57338977
2025-12-30 18:00:00,-0.6229907
